{"count":1,"self":2674.9659136,"total":7926.3132737,"children":{"InitializeActuators":{"count":1,"self":0.0009964,"total":0.0009964,"children":null},"InitializeSensors":{"count":1,"self":0.0030884,"total":0.0091687,"children":{"CreateObservableSensors":{"count":1,"self":0.0060802999999999994,"total":0.0060802999999999994,"children":null}}},"AgentSendState":{"count":4909219,"self":14.218059199999999,"total":46.3031027,"children":{"CollectObservations":{"count":1000098,"self":9.1712391999999987,"total":9.1712388999999988,"children":null},"WriteActionMask":{"count":1000098,"self":1.2487500999999999,"total":1.2487500999999999,"children":null},"RequestDecision":{"count":1000098,"self":4.7672288,"total":21.665055199999998,"children":{"AgentInfo.ToProto":{"count":1000098,"self":4.6899283999999994,"total":16.8978265,"children":{"GenerateSensorData":{"count":1000098,"self":12.2078984,"total":12.2078981,"children":null}}}}}}},"DecideAction":{"count":4909219,"self":5016.2905088,"total":5016.2903164,"children":null},"AgentAct":{"count":4909219,"self":188.70278399999998,"total":188.7432125,"children":{"AgentInfo.ToProto":{"count":1738,"self":0.0065785999999999996,"total":0.0383974,"children":{"GenerateSensorData":{"count":1738,"self":0.0318188,"total":0.0318188,"children":null}}},"InitializeActuators":{"count":26,"self":0,"total":0,"children":null},"InitializeSensors":{"count":26,"self":0,"total":0.0020261,"children":{"CreateObservableSensors":{"count":26,"self":0.0020261,"total":0.0020261,"children":null}}}}}},"gauges":{"MagCoop.CumulativeReward":{"count":1730,"max":2502.01343,"min":-4.99949741,"runningAverage":1399.616,"value":754.226868,"weightedAverage":1451.07678}},"metadata":{"timer_format_version":"0.1.0","start_time_seconds":"1743767881","unity_version":"2023.2.13f1","command_line_arguments":"E:\\us\\2023.2.13f1\\Editor\\Unity.exe -projectpath C:\\Users\\kacpe\\magister -useHub -hubIPC -cloudEnvironment production","communication_protocol_version":"1.5.0","com.unity.ml-agents_version":"3.0.0","scene_name":"SampleScene","end_time_seconds":"1743775807"}}